[{"lEquations":["X = 5973.0 + 8723.0"],"lSolutions":["14696.0"],"sQuestion":"A ship is filled with 5973 tons of cargo . It stops in the Bahamas , where sailors load 8723 tons of cargo onboard . How many tons of cargo does the ship hold now ? ","iIndex":1},{"lEquations":["X = 1346.0 + 6444.0"],"lSolutions":["7790.0"],"sQuestion":"Before December , customers buy 1346 ear muffs from the mall . During December , they buy 6444 , and there are none . In all , how many ear muffs do the customers buy ? ","iIndex":2},{"lEquations":["X = 2479.0 + 6085.0"],"lSolutions":["8564.0"],"sQuestion":"Diane is a beekeeper . Last year , she harvested 2479 pounds of honey . This year , she bought some new hives and increased her honey harvest by 6085 pounds . How many pounds of honey did Diane harvest this year ? ","iIndex":3},{"lEquations":["X = 6522.0 + 5165.0"],"lSolutions":["11687.0"],"sQuestion":"An oil pipe in the sea broke . Before engineers started to fix the pipe , 6522 liters of oil leaked into the water . While the engineers worked , the pipe leaked 5165 liters of oil . In all , how many liters of oil leaked into the water ? ","iIndex":4},{"lEquations":["X = 3884.0 + 2871.0"],"lSolutions":["6755.0"],"sQuestion":"A car company produced 3884 cars in North America and 2871 cars in Europe . How many cars is that in all ? ","iIndex":5},{"lEquations":["X = 6359.0 + 3485.0"],"lSolutions":["9844.0"],"sQuestion":"Abe 's family moved from the Bahamas to Japan , so they had convert their money into Japanese yen . Their checking account now has 6359 yen and their savings account now has 3485 yen . How many yen do they have ? ","iIndex":6},{"lEquations":["X = 1986.0 + 5106.0"],"lSolutions":["7092.0"],"sQuestion":"There are 1986 books in Oak Grove 's public library . In addition , there are 5106 books in its school libraries . How many books do the libraries in Oak Grove have overall ? ","iIndex":7},{"lEquations":["X = 20817.0 + 97741.0"],"lSolutions":["118558.0"],"sQuestion":"There were originally 20817 houses in Lincoln County . During a housing boom , developers built 97741 . How many houses are there now in Lincoln County ? ","iIndex":8},{"lEquations":["X = 48097.0 + 684.0"],"lSolutions":["48781.0"],"sQuestion":"A farmer estimates that he will harvest 48097 bushels of wheat . The weather is perfect during the growing season , so he harvests 684 bushels of wheat than expected . How many bushels of wheat does the farmer harvest ? ","iIndex":9},{"lEquations":["X = 69.0 + 26935.0"],"lSolutions":["27004.0"],"sQuestion":"Christina just transferred $ 69 out of her bank account . As a result , the account now has $ 26935 in it . How much money was in the account before the transfer ? ","iIndex":10},{"lEquations":["X = 14507.0 + 213.0"],"lSolutions":["14720.0"],"sQuestion":"Last year at Newberg 's airport , 14507 passengers landed on time . Unfortunately , 213 passengers landed late . In all , how many passengers landed in Newberg last year ? ","iIndex":11},{"lEquations":["X = 64535.0 - 522.0"],"lSolutions":["64013.0"],"sQuestion":"A dust storm sweeps across the prairie . It covers 64535 acres of the prairie in dust , but leaves 522 acres untouched . How many acres does the prairie cover ? ","iIndex":12},{"lEquations":["X = 12170.0 + 54912.0"],"lSolutions":["67082.0"],"sQuestion":"Some insects called aphids attack a large farm . In response , the farmer releases ladybugs onto the fields . There are 12170 ladybugs with spots and 54912 ladybugs without spots . How many ladybugs are there in all ? ","iIndex":13},{"lEquations":["X = 90171.0 + 16320.0"],"lSolutions":["106491.0"],"sQuestion":"Last year , 90171 people were born in a country , and 16320 people immigrated to it . How many new people began living in the country last year ? ","iIndex":14},{"lEquations":["X = 49952.0 + 918.0"],"lSolutions":["50870.0"],"sQuestion":"A ship full of grain crashes into a coral reef . By the time the ship is fixed , 49952 tons of grain have spilled into the water . Only 918 tons of grain remain onboard . How many tons of grain did the ship originally contain ? ","iIndex":15},{"lEquations":["X = 61921.0 + 49500.0"],"lSolutions":["111421.0"],"sQuestion":"To fill an order , the factory dyed 61921 yards of silk green and 49500 yards pink . How many yards of silk did it dye for that order ? ","iIndex":16},{"lEquations":["X = 2041.0 + 63093.0"],"lSolutions":["65134.0"],"sQuestion":"A multi-national corporation has 2041 part-time employees and 63093 full-time employees . How many employees work for the corporation ? ","iIndex":17},{"lEquations":["X = 712261.0 + 259378.0"],"lSolutions":["971639.0"],"sQuestion":"Each year , salmon travel upstream , going from the ocean to the rivers where they were born . This year , 712261 male and 259378 female salmon returned to their rivers . How many salmon made the trip ? ","iIndex":18},{"lEquations":["X = 14797.0 + 4969.0"],"lSolutions":["19766.0"],"sQuestion":"A bathing suit manufacturer has a supply of 14797 bathing suits for men . In addition , it has 4969 bathing suits for women . How many bathing suits are available overall ? ","iIndex":19},{"lEquations":["X = 2000.0 - 1426.0"],"lSolutions":["574.0"],"sQuestion":"Before the recent housing boom , there were 1426 houses in Lawrence County . Now , there are 2000 houses . How many houses did developers build during the housing boom ? ","iIndex":20},{"lEquations":["X = 7341.0 - 4221.0"],"lSolutions":["3120.0"],"sQuestion":"A worker at a medical lab is studying blood samples . 2 samples contained a total of 7341 blood cells . The first sample contained 4221 blood cells . How many blood cells were in the second sample ? ","iIndex":21},{"lEquations":["X = 9792.0 - 3513.0"],"lSolutions":["6279.0"],"sQuestion":"So far , an orchard has sold a combined total of 9792 pounds of fresh and frozen fruit this season . If they have sold 3513 pounds of frozen fruit , how many pounds of fresh fruit have been sold so far ? ","iIndex":22},{"lEquations":["X = 1472.0 - 12.0"],"lSolutions":["1460.0"],"sQuestion":"Recently , the value of Kate 's retirement fund decreased by $ 12 . If her fund was worth $ 1472 before , how much is it worth now ? ","iIndex":23},{"lEquations":["X = 9570.0 - 3867.0"],"lSolutions":["5703.0"],"sQuestion":"The Richmond Tigers sold a total of 9570 tickets last season . If they sold 3867 tickets in the first half of the season , how many tickets did they sell in the second half ? ","iIndex":24},{"lEquations":["X = 8917.0 - 600.0"],"lSolutions":["8317.0"],"sQuestion":"A petri dish originally contained 600 bacteria . A scientist let the bacteria grow and now there are 8917 of them . How many more bacteria are there now ? ","iIndex":25},{"lEquations":["X = 1576.0 - 344.0"],"lSolutions":["1232.0"],"sQuestion":"Tori is a school janitor . Last week , she picked up a total of 1576 pieces of trash . If she picked up 344 pieces of trash in the classrooms , how many pieces of trash did Tori pick up outside the classrooms ? ","iIndex":26},{"lEquations":["X = 1339.0 - 816.0"],"lSolutions":["523.0"],"sQuestion":"Molly owns the Wafting Pie Company . This morning , her employees used 816 eggs to bake pumpkin pies . If her employees used a total of 1339 eggs today , how many eggs did they use in the afternoon ? ","iIndex":27},{"lEquations":["X = 6048.0 - 193.0"],"lSolutions":["5855.0"],"sQuestion":"Each of farmer Cunningham 's 6048 lambs is either black or white . There are 193 white ones . How many of Farmer Cunningham 's lambs are black ? ","iIndex":28},{"lEquations":["X = 9437.0 - 6922.0"],"lSolutions":["2515.0"],"sQuestion":"Students at Arcadia schools are participating in a coat drive . 9437 coats have been collected so far . 6922 coats were collected from the high schools , and the rest from the elementary schools . How many coats were collected at the elementary schools ? ","iIndex":29},{"lEquations":["X = 6689.0 - 660.0"],"lSolutions":["6029.0"],"sQuestion":"A company painted some houses in Hancock County white and blue using a total of 6689 gallons of paint . If they used 660 gallons of white paint , how many gallons of blue paint did the company use ? ","iIndex":30},{"lEquations":["X = 8582.0 - 2647.0"],"lSolutions":["5935.0"],"sQuestion":"The Silvergrove Public Library used a grant to purchase 2647 books . Now the library has a total of 8582 books . How many books did the library have before the grant ? ","iIndex":31},{"lEquations":["X = 7422.0 - 723.0"],"lSolutions":["6699.0"],"sQuestion":"A cell phone company has a total of 7422 customers across the world . If 723 of its customers live in the United States , how many of its customers live in other countries ? ","iIndex":32},{"lEquations":["X = 4636.0 - 1416.0"],"lSolutions":["3220.0"],"sQuestion":"Last year , egg producers in Douglas County produced 1416 eggs . This year , those same farms produced 4636 eggs . How many more eggs did the farms produce this year ? ","iIndex":33},{"lEquations":["X = 6206.0 - 2475.0"],"lSolutions":["3731.0"],"sQuestion":"An oil pipe in the sea broke . Before engineers started to fix the pipe , 2475 gallons of oil leaked into the water . A total of 6206 gallons of oil leaked before the pipe was fixed . How many gallons of oil leaked while the engineers were fixing the pipe ? ","iIndex":34},{"lEquations":["X = 5155.0 - 45.0"],"lSolutions":["5110.0"],"sQuestion":"A treasure hunter discovered a buried treasure chest filled with a total of 5155 gems . 45 of the gems were diamonds , and the rest were rubies . How many of the gems were rubies ? ","iIndex":35},{"lEquations":["X = 6310.0 - 4518.0"],"lSolutions":["1792.0"],"sQuestion":"Shannon and her family use up a lot of strawberry and blueberry jelly , since they eat toast every morning . At the moment , they have a combined total of 6310 grams of jelly . If they have 4518 grams of blueberry jelly , how many grams of strawberry jelly do they have ? ","iIndex":36},{"lEquations":["X = 5816.0 - 3103.0"],"lSolutions":["2713.0"],"sQuestion":"While playing a video game , Paul scored 3103 points . He and his cousin together have a total of 5816 points . How many points does Paul 's cousin have ? ","iIndex":37},{"lEquations":["X = 4938.0 - 805.0"],"lSolutions":["4133.0"],"sQuestion":"A construction company is repaving a damaged road . So far , they have repaved a total of 4938 inches of the road . Today , they repaved 805 inches of the road . How many inches of the road had they repaved before today ? ","iIndex":38},{"lEquations":["X = 3263.0 - 809.0"],"lSolutions":["2454.0"],"sQuestion":"Milford Lake was originally blue because it only had 809 algae plants . Now there are 3263 algae plants , and the lake has turned green . How many more algae plants are in Milford Lake now ? ","iIndex":39},{"lEquations":["X = 0.75 - 0.25"],"lSolutions":["0.5"],"sQuestion":"Oscar 's bus ride to school is 0.75 mile and Charlie 's bus ride is 0.25 mile . How much longer is Oscar 's bus ride than Charlie 's ? ","iIndex":40},{"lEquations":["X = 0.25 + 0.25"],"lSolutions":["0.5"],"sQuestion":"Karen added 0.25 cup of walnuts to a batch of trail mix . Later , she added 0.25 cup of almonds . How many cups of nuts did Karen put in the trail mix in all ? ","iIndex":41},{"lEquations":["X = 0.16666666666666666 + 0.5"],"lSolutions":["0.6666666666666666"],"sQuestion":"Kendall is learning to drive , so this weekend she practiced driving 0.16666666666666666 mile with her mother and another 0.5 mile with her father . How far did Kendall drive in all ? ","iIndex":42},{"lEquations":["X = 0.6666666666666666 - 0.3333333333333333"],"lSolutions":["0.3333333333333333"],"sQuestion":"At a pie-eating contest , Erik got through 0.6666666666666666 pie before time was called ; Frank finished just 0.3333333333333333 pie . How much more pie did Erik eat than Frank ? ","iIndex":43},{"lEquations":["X = 0.75 - 0.5"],"lSolutions":["0.25"],"sQuestion":"A tailor cut 0.75 inch off a skirt and 0.5 inch off a pair of pants . How much more did the tailor cut off the skirt than the pants ? ","iIndex":44},{"lEquations":["X = 0.375 + 0.25"],"lSolutions":["0.625"],"sQuestion":"At Lindsey 's Vacation Wear , 0.375 the garments are bikinis and 0.25 are trunks . What fraction of the garments are either bikinis or trunks ? ","iIndex":45},{"lEquations":["X = 0.875 - 0.75"],"lSolutions":["0.125"],"sQuestion":"Darnel sprinted 0.875 lap and then took a break by jogging 0.75 lap . How much farther did Darnel sprint than jog ? ","iIndex":46},{"lEquations":["X = 0.3 - 0.2"],"lSolutions":["0.1"],"sQuestion":"A marine biologist measured 1 fish that was 0.3 foot long and a second fish that was 0.2 foot long . How much longer was the first fish ? ","iIndex":47},{"lEquations":["X = 0.3333333333333333 + 0.3333333333333333"],"lSolutions":["0.6666666666666666"],"sQuestion":"Hannah 's Vegetarian Restaurant bought 0.3333333333333333 pound of green peppers and 0.3333333333333333 pound of red peppers . How many pounds of peppers did Hannah 's Vegetarian Restaurant buy in all ? ","iIndex":48},{"lEquations":["X = 0.125 + 0.125"],"lSolutions":["0.25"],"sQuestion":"Ella owns 2 dogs . Each day , 1 dog eats 0.125 scoop of dog food and the other dog eats 0.125 scoop . Together , how much dog food do the 2 dogs eat each day ? ","iIndex":49},{"lEquations":["X = 0.8 - 0.2"],"lSolutions":["0.6"],"sQuestion":"Blake filled a bucket with 0.8 gallon of water . Later , he poured out 0.2 gallon of the water . How much water is in the bucket ? ","iIndex":50},{"lEquations":["X = 0.6666666666666666 - 0.5"],"lSolutions":["0.16666666666666666"],"sQuestion":"Mandy made an apple pie . She used 0.6666666666666666 tablespoon of cinnamon and 0.5 tablespoon of nutmeg . How much more cinnamon than nutmeg did Mandy use ? ","iIndex":51},{"lEquations":["X = 0.6 + 0.2"],"lSolutions":["0.8"],"sQuestion":"The Montoya family spends 0.6 their budget on groceries and another 0.2 going out to eat . Altogether , what fraction of their budget does the Montoya family spend on food ? ","iIndex":52},{"lEquations":["X = 0.7 + 0.2"],"lSolutions":["0.9"],"sQuestion":"In Mr. Olsen 's mathematics class , 0.7 the students received A 's and 0.2 received B 's . What fraction of the students received either A 's or B 's ? ","iIndex":53},{"lEquations":["X = 0.16666666666666666 + 0.6666666666666666"],"lSolutions":["0.8333333333333334"],"sQuestion":"There is 0.16666666666666666 cup of oil in Scarlett 's measuring cup . If Scarlett adds 0.6666666666666666 cup more , how much oil will be in the measuring cup ? ","iIndex":54},{"lEquations":["X = 0.2 + 0.4"],"lSolutions":["0.6"],"sQuestion":"1 evening , a restaurant served a total of 0.2 loaf of wheat bread and 0.4 loaf of white bread . How many loaves were served in all ? ","iIndex":55},{"lEquations":["X = 0.4 - 0.2"],"lSolutions":["0.2"],"sQuestion":"Stanley ran 0.4 mile and walked 0.2 mile . How much farther did Stanley run than walk ? ","iIndex":56},{"lEquations":["X = 0.625 - 0.25"],"lSolutions":["0.375"],"sQuestion":"Dina made cookies . She used 0.625 cup of flour and 0.25 cup of sugar . How much more flour than sugar did Dina use ? ","iIndex":57},{"lEquations":["X = 0.2 + 0.4"],"lSolutions":["0.6"],"sQuestion":"Each day , the polar bear at Richmond 's zoo eats 0.2 bucket of trout and 0.4 bucket of salmon . How many buckets of fish does the polar bear eat daily ? ","iIndex":58},{"lEquations":["X = 0.6 - 0.4"],"lSolutions":["0.2"],"sQuestion":"Jenny ran 0.6 mile and walked 0.4 mile . How much farther did Jenny run than walk ? ","iIndex":59},{"lEquations":["X = 0.5 + 0.125"],"lSolutions":["0.625"],"sQuestion":"0.5 the students in the band are in the trumpet section . 0.125 the students in the band are in the trombone section . What fraction of the students in the band are in either the trumpet section or the trombone section ? ","iIndex":60},{"lEquations":["X = 0.8 - 0.1"],"lSolutions":["0.7"],"sQuestion":"Suzie found 2 worms in the yard and measured them with a ruler . 1 worm was 0.8 inch long . The other worm was 0.1 inch long . How much longer was the longer worm ? ","iIndex":61},{"lEquations":["X = 0.25 + 0.375"],"lSolutions":["0.625"],"sQuestion":"Scarlett made a fruit salad with 0.25 pound of melon and 0.375 pound of berries . How many pounds of fruit did Scarlett use in all ? ","iIndex":62},{"lEquations":["X = 0.625 - 0.5"],"lSolutions":["0.125"],"sQuestion":"Vince 's bus ride to school is 0.625 mile and Zachary 's bus ride is 0.5 mile . How much longer is Vince 's bus ride than Zachary 's ? ","iIndex":63},{"lEquations":["X = 0.5 + 0.1"],"lSolutions":["0.6"],"sQuestion":"In 1 week , Mitch 's family drank 0.5 carton of regular milk and 0.1 carton of soy milk . How much milk did they drink in all ? ","iIndex":64},{"lEquations":["X = 0.375 + 0.5"],"lSolutions":["0.875"],"sQuestion":"Elizabeth went to the salon and had 0.375 inch of hair cut off . The next day she went back and asked for another 0.5 inch to be cut off . How much hair did she have cut off in all ? ","iIndex":65},{"lEquations":["X = 0.16666666666666666 + 0.3333333333333333"],"lSolutions":["0.5"],"sQuestion":"In Shannon 's apartment complex , 0.16666666666666666 the apartments are one-bedroom apartments and 0.3333333333333333 are two-bedroom apartments . What fraction of the apartments are either 1 - or two-bedroom apartments ? ","iIndex":66},{"lEquations":["X = 0.8333333333333334 - 0.5"],"lSolutions":["0.3333333333333333"],"sQuestion":"At the beach , Miki and her sister both built sandcastles and then measured their heights . Miki 's sandcastle was 0.8333333333333334 foot tall and her sister 's was 0.5 foot tall . How much taller was Miki 's sandcastle than her sister 's ? ","iIndex":67},{"lEquations":["X = 0.5 - 0.16666666666666666"],"lSolutions":["0.3333333333333333"],"sQuestion":"Michelle began her pizza delivery route with 0.5 tank of gas in her car . When she made it back to the pizzeria , 0.16666666666666666 tank of gas was . How much gas did Michelle use ? ","iIndex":68},{"lEquations":["X = 0.4 - 0.3"],"lSolutions":["0.1"],"sQuestion":"While taking inventory at her pastry shop , Kelly realizes that she had 0.4 box of baking powder yesterday , but the supply is now down to 0.3 box . How much more baking powder did Kelly have yesterday ? ","iIndex":69},{"lEquations":["X = 0.2 + 0.7"],"lSolutions":["0.9"],"sQuestion":"Craig walked 0.2 mile from school to David 's house and 0.7 mile from David 's house to his own house . How many miles did Craig walk in all ? ","iIndex":70},{"lEquations":["X = 0.4 - 0.1"],"lSolutions":["0.3"],"sQuestion":"Greg and Sharon own neighboring cornfields . Greg harvested 0.4 acre of corn on Monday and Sharon harvested 0.1 acre . How many more acres did Greg harvest than Sharon ? ","iIndex":71},{"lEquations":["X = 0.25 + 0.5"],"lSolutions":["0.75"],"sQuestion":"At the hardware store , 0.25 the nails are size 2d and 0.5 the nails are size 4d . What fraction of the nails are either size 2d or 4d ? ","iIndex":72},{"lEquations":["X = 0.625 - 0.25"],"lSolutions":["0.375"],"sQuestion":"While making desserts for a bake sale , Victor used 0.625 scoop of brown sugar as well as 0.25 scoop of white sugar . How much more brown sugar did Victor use ? ","iIndex":73},{"lEquations":["X = 0.7 - 0.6"],"lSolutions":["0.1"],"sQuestion":"Eve ran 0.7 mile and walked 0.6 mile . How much farther did Eve run than walk ? ","iIndex":74},{"lEquations":["X = 0.3 + 0.4"],"lSolutions":["0.7"],"sQuestion":"Jonah added 0.3 cup of yellow raisins and 0.4 cup of black raisins to a batch of trail mix . How many cups of raisins did Jonah add in all ? ","iIndex":75},{"lEquations":["X = 0.9 - 0.5"],"lSolutions":["0.4"],"sQuestion":"When Jake had 1 cat , he needed to serve 0.5 can of cat food each day . Now that Jake has adopted a second cat , he needs to serve a total of 0.9 can each day . How much extra food is needed to feed the second cat ? ","iIndex":76},{"lEquations":["X = 0.125 + 0.5"],"lSolutions":["0.625"],"sQuestion":"In Yardley it snowed 0.125 inch in the morning and 0.5 inch in the afternoon . What was the total amount of snowfall ? ","iIndex":77},{"lEquations":["X = 0.2 + 0.1"],"lSolutions":["0.3"],"sQuestion":"While making pastries , a bakery used 0.2 bag of wheat flour and 0.1 bag of white flour . How many bags of flour did the bakery use in all ? ","iIndex":78},{"lEquations":["X = 0.75 - 0.5"],"lSolutions":["0.25"],"sQuestion":"Kaleen filled a bucket with 0.75 gallon of water . A few minutes later , she realized only 0.5 gallon of water remained . How much water had leaked out of the bucket ? ","iIndex":79},{"lEquations":["X = 0.2 + 0.4 + 0.1"],"lSolutions":["0.7"],"sQuestion":"Irwin 's family went on a camping trip in the mountains . On the first day , they hiked from their car to the campsite . First , they hiked 0.2 mile from the car to a stream , and 0.4 mile from the stream to a meadow . Then they hiked 0.1 mile from the meadow to the campsite . How many miles did Irwin 's family hike in all ? ","iIndex":80},{"lEquations":["X = 0.16666666666666666 + 0.16666666666666666 + 0.3333333333333333"],"lSolutions":["0.6666666666666666"],"sQuestion":"During a visit to an orchard , Charlie picked 0.16666666666666666 bag of Golden Delicious apples , 0.16666666666666666 bag of Macintosh apples , and 0.3333333333333333 bag of Cortland apples . How many bags of fruit did Charlie pick in total ? ","iIndex":81},{"lEquations":["X = 0.25 + 0.25 + 0.375"],"lSolutions":["0.875"],"sQuestion":"Before starting her shift , a waitress checks to make sure there is enough mustard for her customers . She finds 0.25 bottle at the first table , 0.25 bottle at the second table , and 0.375 bottle at the third table . Altogether , how many bottles of mustard does the waitress find ? ","iIndex":82},{"lEquations":["X = 0.08333333333333333 + 0.75 + 0.08333333333333333"],"lSolutions":["0.9166666666666666"],"sQuestion":"A waitress put leftover tarts into the fridge on Thursday night . She noticed that the restaurant had 0.08333333333333333 tart filled with cherries , 0.75 tart filled with blueberries , and 0.08333333333333333 tart filled with peaches . How many leftover tarts did the restaurant have in all ? ","iIndex":83},{"lEquations":["X = 0.1111111111111111 + 0.1111111111111111 + 0.6666666666666666"],"lSolutions":["0.8888888888888888"],"sQuestion":"On her vacation last summer , Trisha walked all over New York City to buy souvenirs . First , she walked 0.1111111111111111 mile from her hotel to a postcard shop . Then she walked 0.1111111111111111 mile from the postcard shop to a T-shirt shop and 0.6666666666666666 mile from the T-shirt shop back to the hotel . How many miles did Trisha walk in all ? ","iIndex":84},{"lEquations":["X = 0.16666666666666666 + 0.16666666666666666 + 0.08333333333333333"],"lSolutions":["0.4166666666666667"],"sQuestion":"Brandy made trail mix for a backpacking trip . She used 0.16666666666666666 pound of peanuts , 0.16666666666666666 pound of chocolate chips , and 0.08333333333333333 pound of raisins . How many pounds of trail mix did Brandy make ? ","iIndex":85},{"lEquations":["X = 0.3333333333333333 + 0.3333333333333333 + 0.16666666666666666"],"lSolutions":["0.8333333333333334"],"sQuestion":"Allie counted the leftover ice cream after a sundae party . She had 0.3333333333333333 carton of rocky road ice cream , 0.3333333333333333 carton of cookie dough ice cream , and 0.16666666666666666 carton of strawberry cheesecake ice cream . How many cartons of ice cream did Allie have in all ? ","iIndex":86},{"lEquations":["X = 0.125 + 0.125 + 0.5"],"lSolutions":["0.75"],"sQuestion":"During a canned food drive , items were sorted into bins . The drive resulted in 0.125 bin of soup , 0.125 bin of vegetables , and 0.5 bin of pasta . Altogether , how many bins would the canned food take up ? ","iIndex":87},{"lEquations":["X = 0.3333333333333333 + 0.3333333333333333 + 0.08333333333333333"],"lSolutions":["0.75"],"sQuestion":"Paco 's Countertop Company purchased pieces of marble from a quarry . The weights of the pieces they purchased were 0.3333333333333333 ton , 0.3333333333333333 ton , and 0.08333333333333333 ton . How many tons of marble did Paco 's Countertop Company purchase in all ? ","iIndex":88},{"lEquations":["X = 0.08333333333333333 + 0.08333333333333333 + 0.6666666666666666"],"lSolutions":["0.8333333333333334"],"sQuestion":"Nina did a running drill to get in shape for soccer season . First , Nina ran 0.08333333333333333 mile . Then she ran 0.08333333333333333 mile and 0.6666666666666666 mile . How many miles did Nina run in total ? ","iIndex":89},{"lEquations":["X = 0.16666666666666666 + 0.4166666666666667 + 0.08333333333333333"],"lSolutions":["0.6666666666666666"],"sQuestion":"Bonnie 's science class recorded the rainfall each day . They recorded 0.16666666666666666 centimeter of rain on Monday , 0.4166666666666667 centimeter of rain on Tuesday , and 0.08333333333333333 centimeter of rain on Wednesday . How many centimeters of rain did the class record in all ? ","iIndex":90},{"lEquations":["X = 0.3 + 0.1 + 0.4"],"lSolutions":["0.8"],"sQuestion":"Last Saturday , Spencer walked all over town running errands . First , he walked 0.3 mile from his house to the library and 0.1 mile from the library to the post office . Then he walked 0.4 mile from the post office back home . How many miles did Spencer walk in all ? ","iIndex":91},{"lEquations":["X = 0.16666666666666666 + 0.16666666666666666 + 0.5"],"lSolutions":["0.8333333333333334"],"sQuestion":"A construction company ordered 0.16666666666666666 ton of concrete , 0.16666666666666666 ton of bricks , and 0.5 ton of stone . How many tons of material did the company order in all ? ","iIndex":92},{"lEquations":["X = 0.25 + 0.375 + 0.125"],"lSolutions":["0.75"],"sQuestion":"Kendra made punch for her friend 's birthday party . She used 0.25 gallon of grape juice , 0.375 gallon of cranberry juice , and 0.125 gallon of club soda . How many gallons of punch did Kendra make ? ","iIndex":93},{"lEquations":["X = 0.5 + 0.1 + 0.1"],"lSolutions":["0.7"],"sQuestion":"A spaceship traveled 0.5 light-year from Earth to Planet X and 0.1 light-year from Planet X to Planet Y. Then it traveled 0.1 light-year from Planet Y back to Earth . How many light-years did the spaceship travel in all ? ","iIndex":94},{"lEquations":["X = 0.3333333333333333 + 0.3333333333333333 + 0.2222222222222222"],"lSolutions":["0.8888888888888888"],"sQuestion":"Logan recorded the snowfall every day during a snowstorm . He recorded 0.3333333333333333 centimeter on Wednesday , 0.3333333333333333 centimeter on Thursday , and 0.2222222222222222 centimeter on Friday . How many total centimeters of snow did Logan record ? ","iIndex":95},{"lEquations":["X = 0.2 + 0.1 + 0.2"],"lSolutions":["0.5"],"sQuestion":"Ellen made smoothies in the blender . She used 0.2 cup of strawberries , 0.1 cup of yogurt , and 0.2 cup of orange juice . How many cups of ingredients did Ellen use for the smoothies ? ","iIndex":96},{"lEquations":["X = 0.25 + 0.4166666666666667 + 0.25"],"lSolutions":["0.9166666666666666"],"sQuestion":"During a school play , Jonah staffed the snack bar . He served 0.25 pitcher of lemonade during the first intermission , 0.4166666666666667 pitcher during the second , and 0.25 pitcher during the third . How many pitchers of lemonade did Jonah pour in all ? ","iIndex":97},{"lEquations":["X = 0.3333333333333333 + 0.3333333333333333 + 0.08333333333333333"],"lSolutions":["0.75"],"sQuestion":"Heather went to the county fair last weekend . When she got there , she had to walk 0.3333333333333333 mile from the car to the entrance . Then she walked 0.3333333333333333 mile to the carnival rides and 0.08333333333333333 mile from the carnival rides back to the car . How many miles did Heather walk in all ? ","iIndex":98},{"lEquations":["X = 0.16666666666666666 + 0.3333333333333333 + 0.16666666666666666"],"lSolutions":["0.6666666666666666"],"sQuestion":"A renovation project required 0.16666666666666666 truck-load of sand , 0.3333333333333333 truck-load of dirt , and 0.16666666666666666 truck-load of cement . How many truck-loads of material were needed in all ? ","iIndex":99},{"lEquations":["X = 0.08333333333333333 + 0.3333333333333333 + 0.4166666666666667"],"lSolutions":["0.8333333333333334"],"sQuestion":"Karin 's science class weighed plastic rings for an experiment . They found that the orange ring weighed 0.08333333333333333 ounce , the purple ring weighed 0.3333333333333333 ounce , and the white ring weighed 0.4166666666666667 ounce . What was the total weight of the plastic rings ? ","iIndex":100},{"lEquations":["X = 0.16666666666666666 + 1.1666666666666667"],"lSolutions":["1.3333333333333333"],"sQuestion":"Carefully following a recipe , Kenny used exactly 0.16666666666666666 cup of oil and 1.1666666666666667 cups of water . How many cups of liquid did Kenny use in all ? ","iIndex":101},{"lEquations":["X = 2.8333333333333335 + 2.8333333333333335"],"lSolutions":["5.666666666666667"],"sQuestion":"Dale 's Vegetarian Restaurant bought 2.8333333333333335 pounds of green peppers and 2.8333333333333335 pounds of red peppers . How many pounds of peppers did Dale 's Vegetarian Restaurant buy in all ? ","iIndex":102},{"lEquations":["X = 3.8333333333333335 - 0.16666666666666666"],"lSolutions":["3.6666666666666665"],"sQuestion":"This afternoon Craig left school , rode the bus 3.8333333333333335 miles , and then walked 0.16666666666666666 mile to get home . How much farther did Craig ride than walk ? ","iIndex":103},{"lEquations":["X = 7.125 - 0.625"],"lSolutions":["6.5"],"sQuestion":"Kelly 's chemistry textbook weighs 7.125 pounds and her geometry textbook weighs 0.625 pound . How much more does the chemistry textbook weigh than the geometry textbook ? ","iIndex":104},{"lEquations":["X = 10.0 + 5.1"],"lSolutions":["15.1"],"sQuestion":"Roadster 's Paving Company used 10 tons of cement to pave Lexi 's street and 5.1 tons of cement to pave Tess 's street . How much cement did Roadster 's Paving Company use in all ? ","iIndex":105},{"lEquations":["X = 1.0 + 8.8"],"lSolutions":["9.8"],"sQuestion":"On a hot day , Sam poured 1 bucket of water into a plastic wading pool . A few minutes later he added another 8.8 buckets . How much water did Sam pour into the pool ? ","iIndex":106},{"lEquations":["X = 1.125 + 2.125"],"lSolutions":["3.25"],"sQuestion":"Kyle jogged 1.125 laps in P.E. class and 2.125 laps during track practice . How many laps did Kyle jog in all ? ","iIndex":107},{"lEquations":["X = 3.0 + 6.8"],"lSolutions":["9.8"],"sQuestion":"A bucket contains 3 gallons of water . If Derek adds 6.8 gallons more , how many gallons will there be in all ? ","iIndex":108},{"lEquations":["X = 2.6666666666666665 + 2.6666666666666665"],"lSolutions":["5.333333333333333"],"sQuestion":"At a pizza party , Mason and his friends drank 2.6666666666666665 bottles of lemon-lime soda and 2.6666666666666665 bottles of cola . How much soda did they drink in all ? ","iIndex":109},{"lEquations":["X = 11.166666666666666 - 0.8333333333333334"],"lSolutions":["10.333333333333334"],"sQuestion":"Professor Ellison weighed 2 pieces of metal for an experiment . The piece of iron weighed 11.166666666666666 pounds and the piece of aluminum weighed 0.8333333333333334 pound . How much more did the piece of iron weigh than the piece of aluminum ? ","iIndex":110},{"lEquations":["X = 1.25 + 5.25"],"lSolutions":["6.5"],"sQuestion":"As part of a lesson on earthquakes , a science class is researching the movement of a nearby fault line . The fault line moved 1.25 inches during the past year and 5.25 inches the year before . How far did the fault line move in all ? ","iIndex":111},{"lEquations":["X = 10.2 + 8.6"],"lSolutions":["18.8"],"sQuestion":"Hoping to be named Salesperson of the Month , Rosa called the names from 10.2 pages of the phone book last week . This week , she called the people listed on another 8.6 pages of the same phone book . How many pages worth of people did Rosa call in all ? ","iIndex":112},{"lEquations":["X = 3.6666666666666665 - 2.3333333333333335"],"lSolutions":["1.3333333333333333"],"sQuestion":"At the beach , Janet and her sister both built sandcastles and then measured their heights . Janet 's sandcastle was 3.6666666666666665 feet tall and her sister 's was 2.3333333333333335 feet tall . How much taller was Janet 's sandcastle than her sister 's ? ","iIndex":113},{"lEquations":["X = 3.0 - 1.1666666666666667"],"lSolutions":["1.8333333333333335"],"sQuestion":"Nicole found an orange caterpillar and a green caterpillar in her backyard . The green caterpillar was 3 inches long and the orange caterpillar was 1.1666666666666667 inches long . How much longer was the green caterpillar than the orange caterpillar ? ","iIndex":114},{"lEquations":["X = 3.25 + 0.25"],"lSolutions":["3.5"],"sQuestion":"Alec and his roommates ate 3.25 pints of ice cream on Friday night and 0.25 pint of ice cream on Saturday night . How many pints did they eat in all ? ","iIndex":115},{"lEquations":["X = 8.75 - 6.0"],"lSolutions":["2.75"],"sQuestion":"A farmer started the day with 8.75 buckets of seeds . After spending the morning sowing seeds , she now has 6 buckets . How many buckets of seeds did the farmer sow ? ","iIndex":116},{"lEquations":["X = 2.3333333333333335 - 1.0"],"lSolutions":["1.3333333333333333"],"sQuestion":"Irene just bought a new lamp for her bedside table . The old lamp was 1 foot tall and the new lamp is 2.3333333333333335 feet tall . How much taller is the new lamp than the old lamp ? ","iIndex":117},{"lEquations":["X = 7.666666666666667 - 3.3333333333333335"],"lSolutions":["4.333333333333333"],"sQuestion":"Ezra drew a white line that was 7.666666666666667 inches long . Then he drew a blue line that was 3.3333333333333335 inches long . How much longer was the white line than the blue line ? ","iIndex":118},{"lEquations":["X = 7.75 + 7.0"],"lSolutions":["14.75"],"sQuestion":"There are 7.75 gallons of water in Becky 's fish tank . If Becky adds 7 gallons more , how many gallons will there be in all ? ","iIndex":119},{"lEquations":["X = 19.833333333333332 - 9.166666666666666"],"lSolutions":["10.666666666666666"],"sQuestion":"Wendy ran 19.833333333333332 miles and walked 9.166666666666666 miles . How much farther did Wendy run than walk ? ","iIndex":120},{"lEquations":["X = 0.6 - 0.4"],"lSolutions":["0.2"],"sQuestion":"Kenji and his classmates placed colored blocks on a scale during a science lab . The yellow block weighed 0.6 pounds and the green block weighed 0.4 pounds . How much more did the yellow block weigh than the green block ? ","iIndex":121},{"lEquations":["X = 8.2 + 1.6"],"lSolutions":["9.8"],"sQuestion":"Terrell hiked 8.2 miles on Saturday . Then , on Sunday , he hiked another 1.6 miles . How far did Terrell hike all together ? ","iIndex":122},{"lEquations":["X = 0.41 - 0.33"],"lSolutions":["0.08"],"sQuestion":"A carpenter bought a piece of wood that was 0.41 meters long . Then she sawed 0.33 meters off the end . How long is the piece of wood now ? ","iIndex":123},{"lEquations":["X = 0.1 + 0.4"],"lSolutions":["0.5"],"sQuestion":"Kelly bought 0.1 pounds of peanuts and 0.4 pounds of raisins . How many pounds of snacks did she buy in all ? ","iIndex":124},{"lEquations":["X = 9.91 + 4.11"],"lSolutions":["14.02"],"sQuestion":"Kevin bought 2 watermelons . The first watermelon was 9.91 pounds , and the second watermelon was 4.11 pounds . How many pounds of watermelon did Kevin buy ? ","iIndex":125},{"lEquations":["X = 0.81 - 0.35"],"lSolutions":["0.46"],"sQuestion":"In March it rained 0.81 inches . It rained 0.35 inches less in April than in March . How much did it rain in April ? ","iIndex":126},{"lEquations":["X = 6.0 + 3.12"],"lSolutions":["9.12"],"sQuestion":"Ron weighed 2 colored metal balls during a science class . The blue ball weighed 6 pounds and the brown ball weighed 3.12 pounds . If Ron places both balls on the scale at the same time , what will the scale read ? ","iIndex":127},{"lEquations":["X = 0.36 - 0.05"],"lSolutions":["0.31"],"sQuestion":"A bee colony produced 0.36 pounds of honey , but bears ate 0.05 pounds of it . How much honey remains ? ","iIndex":128},{"lEquations":["X = 0.9 - 0.7"],"lSolutions":["0.2"],"sQuestion":"It rained 0.9 inches on Monday . On Tuesday , it rained 0.7 inches less than on Monday . How much did it rain on Tuesday ? ","iIndex":129},{"lEquations":["X = 0.32 = 0.21"],"lSolutions":["0.53"],"sQuestion":"It snowed 0.32 inches on Monday and 0.21 inches on Tuesday . How much did it snow on Monday and Tuesday combined ? ","iIndex":130},{"lEquations":["X = 0.25 - 0.16"],"lSolutions":["0.09"],"sQuestion":"Brennan had 0.25 grams of pepper . Then he used 0.16 grams of the pepper to make some scrambled eggs . How much pepper does Brennan have ? ","iIndex":131},{"lEquations":["X = 5.91 + 8.11"],"lSolutions":["14.02"],"sQuestion":"A construction company bought 5.91 tons of gravel and 8.11 tons of sand . How many tons of material did the company buy in all ? ","iIndex":132},{"lEquations":["X = 0.2 + 0.4"],"lSolutions":["0.6"],"sQuestion":"It rained 0.2 inches on Saturday and 0.4 inches on Sunday . How much did it rain on Saturday and Sunday combined ? ","iIndex":133},{"lEquations":["X = 9.8 - 5.2"],"lSolutions":["4.6"],"sQuestion":"Pamela bought 9.8 ounces of sugar , and she spilled 5.2 ounces of it on the floor . How much is ? ","iIndex":134},{"lEquations":["X = 3.42 - 2.2"],"lSolutions":["1.22"],"sQuestion":"Gordon bought 3.42 pounds of fruit for a class party . The class ate 2.2 pounds of the fruit . How much fruit is ? ","iIndex":135},{"lEquations":["X = 0.14 + 0.38"],"lSolutions":["0.52"],"sQuestion":"A chef bought 0.14 kilograms of almonds and 0.38 kilograms of pecans . How many kilograms of nuts did the chef buy in all ? ","iIndex":136},{"lEquations":["X = 4.0 + 8.7"],"lSolutions":["12.7"],"sQuestion":"Marta picked 2 pumpkins . The first pumpkin weighed 4 pounds , and the second pumpkin weighed 8.7 pounds . How much did the 2 pumpkins weigh all together ? ","iIndex":137},{"lEquations":["X = 4.1 - 2.4"],"lSolutions":["1.7"],"sQuestion":"A truck carrying 4.1 pounds of sand travels to a construction yard and loses 2.4 pounds of sand along the way . How much sand does the truck have when it arrives at the yard ? ","iIndex":138},{"lEquations":["X = 4.4 + 2.86"],"lSolutions":["7.26"],"sQuestion":"Tori was 4.4 feet tall . Then she grew 2.86 feet taller . How tall is Tori now ? ","iIndex":139},{"lEquations":["X = 8.9 - 2.3"],"lSolutions":["6.6"],"sQuestion":"A carpenter bought a piece of wood that was 8.9 centimeters long . Then he sawed 2.3 centimeters off the end . How long is the piece of wood now ? ","iIndex":140}]
